{"cameraMode":{"drawMode":0,"name":"Shaded","section":"Shading Mode"},"sceneLighting":true,"audioPlay":false,"sceneViewState":{"m_AlwaysRefresh":false,"showFog":true,"showSkybox":true,"showFlares":true,"showImageEffects":true,"showParticleSystems":true,"showVisualEffectGraphs":true,"m_FxEnabled":true},"in2DMode":false,"pivot":{"x":-17.840721130371095,"y":0.5555911064147949,"z":89.70100402832031},"rotation":{"x":0.20754162967205048,"y":-0.14697623252868653,"z":0.0315573625266552,"w":0.9666085839271545},"size":21.95938491821289,"orthographic":true}